{"cameraMode":{"drawMode":0,"name":"Shaded","section":"Shading Mode"},"sceneLighting":true,"audioPlay":false,"sceneViewState":{"m_AlwaysRefresh":false,"showFog":true,"showSkybox":true,"showFlares":true,"showImageEffects":true,"showParticleSystems":true,"showVisualEffectGraphs":true,"m_FxEnabled":true},"in2DMode":false,"pivot":{"x":-0.4867463707923889,"y":1.5208656787872315,"z":-0.7027325630187988},"rotation":{"x":-0.0797131359577179,"y":0.014051791280508042,"z":-0.0011042628902941943,"w":-0.9966710209846497},"size":4.750015735626221,"orthographic":false}